<?xml version="1.0" encoding="UTF-8"?>

<!-- generated on 2024-08-18 14:46:31 by Eclipse SUMO netedit Version 1.20.0
<configuration xmlns:xsi="http://www.w3.org/2001/XMLSchema-instance" xsi:noNamespaceSchemaLocation="http://sumo.dlr.de/xsd/neteditConfiguration.xsd">

    <input>
        <sumocfg-file value="C:\Users\jacqu\Sumo\2024-03-20-19-50-20\daytona_smaller.sumocfg"/>
        <additional-files value="C:\Users\jacqu\Sumo\2024-03-20-19-50-20\osm.poly.xml.gz"/>
        <route-files value="C:\Users\jacqu\Sumo\2024-03-20-19-50-20\osm.passenger.trips.xml"/>
        <sumo-net-file value="C:\Users\jacqu\Sumo\2024-03-20-19-50-20\osm.net.xml.gz"/>
    </input>

    <output>
        <output.street-names value="true"/>
    </output>

    <processing>
        <geometry.min-radius.fix.railways value="false"/>
        <geometry.max-grade.fix value="false"/>
        <offset.disable-normalization value="true"/>
        <lefthand value="0"/>
    </processing>

    <junctions>
        <no-turnarounds value="true"/>
        <junctions.corner-detail value="5"/>
        <junctions.limit-turn-speed value="5.50"/>
        <rectangular-lane-cut value="0"/>
    </junctions>

    <pedestrian>
        <walkingareas value="0"/>
    </pedestrian>

</configuration>
-->

<additional xmlns:xsi="http://www.w3.org/2001/XMLSchema-instance" xsi:noNamespaceSchemaLocation="http://sumo.dlr.de/xsd/additional_file.xsd">
    <tlLogic id="101057244" type="actuated" programID="0" offset="0">
        <phase duration="40" state="GGggrrrGGGg" minDur="7" maxDur="50"/>
        <phase duration="5"  state="yyyyrrryyyy"/>
        <phase duration="40" state="rrrrGGgGrrr" minDur="10" maxDur="50"/>
        <phase duration="5"  state="rrrryyyyrrr"/>
    </tlLogic>
</additional>
