<additional>
    <laneAreaDetector id="laneAreaDet_light1_w_l1" lane="880913510_0" pos="0" endPos="19" freq="1" file="detector_data.xml" period="5"/>
    <laneAreaDetector id="laneAreaDet_light1_w_l2" lane="880913510_1" pos="0" endPos="19" freq="1" file="detector_data.xml" period="5"/>
    <laneAreaDetector id="laneAreaDet_light1_w_l3" lane="880913510_2" pos="0" endPos="19" freq="1" file="detector_data.xml" period="5"/>
    <laneAreaDetector id="laneAreaDet_light1_w_l4" lane="880913510_3" pos="0" endPos="19" freq="1" file="detector_data.xml" period="5"/>
    <laneAreaDetector id="laneAreaDet_light1_w_l5" lane="880913510_4" pos="0" endPos="19" freq="1" file="detector_data.xml" period="5"/>
    <laneAreaDetector id="laneAreaDet_light1_s_l1" lane="845617904_0" pos="0" endPos="49.32" freq="1" file="detector_data.xml" period="5"/>
    <laneAreaDetector id="laneAreaDet_light1_s_l2" lane="845617904_1" pos="0" endPos="49.32" freq="1" file="detector_data.xml" period="5"/>
    <laneAreaDetector id="laneAreaDet_light1_s_l3" lane="845617904_2" pos="0" endPos="49.32" freq="1" file="detector_data.xml" period="5"/>
    <laneAreaDetector id="laneAreaDet_light1_s_l4" lane="845617904_3" pos="0" endPos="49.32" freq="1" file="detector_data.xml" period="5"/>
    <laneAreaDetector id="laneAreaDet_light1_e_l1" lane="1074432362#0_0" pos="0" endPos="175.37" freq="1" file="detector_data.xml" period="5"/>
    <laneAreaDetector id="laneAreaDet_light1_e_l2" lane="1074432362#0_1" pos="0" endPos="175.37" freq="1" file="detector_data.xml" period="5"/>
    <laneAreaDetector id="laneAreaDet_light1_e_l3" lane="1074432362#0_2" pos="0" endPos="175.37" freq="1" file="detector_data.xml" period="5"/>
    <laneAreaDetector id="laneAreaDet_light1_e_l4" lane="1074432362#0_3" pos="0" endPos="175.37" freq="1" file="detector_data.xml" period="5"/>
    <laneAreaDetector id="laneAreaDet_light1_e_l5" lane="1074432362#0_4" pos="0" endPos="175.37" freq="1" file="detector_data.xml" period="5"/>
    <laneAreaDetector id="laneAreaDet_light1_n_l1" lane="880072670_0" pos="0" endPos="54.76" freq="1" file="detector_data.xml" period="5"/>
    <laneAreaDetector id="laneAreaDet_light1_n_l2" lane="880072670_1" pos="0" endPos="54.76" freq="1" file="detector_data.xml" period="5"/>	
    <laneAreaDetector id="laneAreaDet_light1_n_l3" lane="880072670_2" pos="0" endPos="54.76" freq="1" file="detector_data.xml" period="5"/>	
    <laneAreaDetector id="laneAreaDet_light1_n_l4" lane="880072670_3" pos="0" endPos="54.76" freq="1" file="detector_data.xml" period="5"/>	
    <laneAreaDetector id="laneAreaDet_light2_n_l1" lane="-159453012_0" pos="0" endPos="228.69" freq="1" file="detector_data.xml" period="5"/>	
    <laneAreaDetector id="laneAreaDet_light2_n_l2" lane="-159453012_1" pos="0" endPos="228.69" freq="1" file="detector_data.xml" period="5"/>	
    <laneAreaDetector id="laneAreaDet_light2_w_l1" lane="361054274#21_0" pos="0" endPos="219.08" freq="1" file="detector_data.xml" period="5"/>	
    <laneAreaDetector id="laneAreaDet_light2_s_l1" lane="128973657#4_0" pos="250" endPos="412.42" freq="1" file="detector_data.xml" period="5"/>	
    <laneAreaDetector id="laneAreaDet_light2_s_l2" lane="128973657#4_1" pos="250" endPos="412.42" freq="1" file="detector_data.xml" period="5"/>	
    <laneAreaDetector id="laneAreaDet_light2_e_l1" lane="1074157672#37_0" pos="0" endPos="94.09" freq="1" file="detector_data.xml" period="5"/>	
</additional>
